{
"framerate":24,
"images":["assests.png"],
"frames":[
    [1471, 2, 32, 32, 0, 16, 19],
    [1647, 2, 27, 28, 0, 13, 15],
    [1507, 2, 33, 32, 0, 17, 19],
    [1678, 2, 27, 28, 0, 15, 15],
    [934, 2, 28, 41, 0, 13, 21],
    [807, 2, 28, 41, 0, 13, 19],
    [839, 2, 28, 41, 0, 13, 21],
    [998, 2, 28, 41, 0, 14, 19],
    [966, 2, 28, 41, 0, 14, 19],
    [902, 2, 28, 41, 0, 14, 21],
    [871, 2, 27, 41, 0, 13, 21],
    [1869, 2, 8, 8, 0, 4, 4],
    [1851, 2, 14, 13, 0, 7, 8],
    [1829, 2, 18, 17, 0, 9, 10],
    [1760, 2, 20, 19, 0, 10, 11],
    [1737, 2, 19, 19, 0, 10, 11],
    [1784, 2, 20, 18, 0, 10, 10],
    [1808, 2, 17, 17, 0, 8, 9],
    [1709, 2, 24, 22, 0, 12, 12],
    [1544, 2, 34, 32, 0, 17, 16],
    [1435, 2, 32, 32, 0, 16, 17],
    [1611, 2, 32, 28, 0, 16, 11],
    [2, 2, 801, 601, 0, 0, 0],
    [1030, 2, 401, 33, 0, 200, 17],
    [1582, 2, 25, 30, 0, 13, 17]
],
"animations":{
    "dudeMoveLeft": {"speed": 1, "frames": [4, 4, 4, 5, 5, 5, 6, 6, 6, 5, 5, 5]},
    "heart": {"speed": 1, "frames": [19]},
    "health": {"speed": 1, "frames": [20]},
    "dudeMoveRight": {
        "speed": 1,
        "frames": [8, 8, 8, 9, 9, 9, 8, 8, 8, 10, 10, 10]
    },
    "bomb": {"speed": 1, "frames": [24]},
    "dudeIdile": {"speed": 1, "frames": [7]},
    "moveLeft": {"speed": 1, "frames": [0, 0, 0, 0, 1, 1, 1, 1, 1]},
    "boom": {
        "speed": 1,
        "frames": [11, 11, 12, 12, 13, 13, 14, 14, 15, 15, 16, 16, 17, 17]
    },
    "platform": {"speed": 1, "frames": [23]},
    "star": {"speed": 1, "frames": [18]},
    "moveRight": {"speed": 1, "frames": [2, 2, 2, 2, 2, 3, 3, 3, 3, 3]},
    "sky": {"speed": 1, "frames": [22]},
    "dimond": {"speed": 1, "frames": [21]}
}
}